annual_income,existing_debt,loan_amount,payment_history_score,employment_years,age,debt_to_income,creditworthy
58941.0,23195.0,10274.0,41.4,2.5,33.0,0.57,0
47511.0,19397.0,13988.0,57.1,5.9,33.0,0.7,0
61658.0,12477.0,9453.0,63.8,6.1,18.0,0.36,1
77415.0,6825.0,12844.0,98.3,7.9,34.0,0.25,1
45785.0,17586.0,1745.0,78.3,0.5,46.0,0.42,1
45786.0,15148.0,16493.0,50.0,8.4,24.0,0.69,1
78426.0,19162.0,15008.0,77.3,0.0,50.0,0.44,0
63814.0,17081.0,9280.0,46.8,3.5,43.0,0.41,0
41549.0,20396.0,19615.0,86.2,4.0,30.0,0.96,1
59766.0,7718.0,21563.0,62.9,8.5,36.0,0.49,1
41658.0,22539.0,3747.0,68.6,6.1,56.0,0.63,1
41617.0,13581.0,9661.0,89.9,0.4,46.0,0.56,1
54355.0,28602.0,9616.0,50.7,2.1,38.0,0.7,0
15561.0,6486.0,8421.0,49.0,6.8,35.0,0.96,0
18951.0,25888.0,20806.0,61.2,5.7,39.0,2.46,0
39879.0,13583.0,13643.0,85.6,3.7,32.0,0.68,0
31769.0,6789.0,13148.0,47.2,4.1,18.0,0.63,1
55656.0,8129.0,1000.0,27.5,8.8,60.0,0.16,1
33656.0,9437.0,19448.0,63.2,3.9,40.0,0.86,0
24579.0,15393.0,6325.0,78.3,5.6,42.0,0.88,1
76382.0,16183.0,15420.0,88.0,14.7,37.0,0.41,1
45936.0,7410.0,16942.0,63.1,0.3,30.0,0.53,0
51216.0,11805.0,24525.0,63.8,0.0,36.0,0.71,1
24355.0,29138.0,5838.0,87.3,9.1,20.0,1.44,1
40201.0,25820.0,1000.0,42.0,3.3,63.0,0.67,0
51997.0,15491.0,16287.0,64.2,4.7,24.0,0.61,0
29282.0,12304.0,27604.0,72.9,2.9,27.0,1.36,0
56763.0,12960.0,23673.0,76.7,5.0,33.0,0.65,0
39189.0,16908.0,16468.0,62.4,12.4,52.0,0.85,0
44750.0,3818.0,11559.0,70.5,9.2,38.0,0.34,1
39169.0,9941.0,20650.0,32.7,9.4,24.0,0.78,0
83341.0,0.0,8185.0,60.1,0.3,52.0,0.1,0
49757.0,15194.0,18335.0,76.8,1.4,46.0,0.67,0
30961.0,17178.0,18538.0,55.3,0.0,44.0,1.15,0
64806.0,8135.0,22421.0,70.9,2.8,46.0,0.47,0
28025.0,24592.0,34318.0,76.7,9.8,64.0,2.1,1
53760.0,2194.0,17747.0,64.9,8.1,62.0,0.37,1
15000.0,285.0,11437.0,72.6,5.1,30.0,0.78,0
26093.0,13796.0,14821.0,55.6,5.9,56.0,1.1,0
53544.0,20377.0,2616.0,66.9,3.2,42.0,0.43,1
63292.0,25471.0,10137.0,79.2,6.8,43.0,0.56,1
53085.0,8329.0,12135.0,72.4,9.1,19.0,0.39,1
47918.0,20629.0,11331.0,61.2,0.0,36.0,0.67,1
44580.0,11692.0,16066.0,73.4,7.2,29.0,0.62,1
23387.0,10619.0,9243.0,80.7,9.7,47.0,0.85,1
37043.0,19069.0,22847.0,39.3,4.3,50.0,1.13,0
41709.0,17219.0,15001.0,87.4,8.8,18.0,0.77,1
69028.0,0.0,14935.0,65.0,17.3,38.0,0.22,1
56185.0,23812.0,12705.0,76.4,5.6,50.0,0.65,0
18265.0,23041.0,16086.0,88.0,7.6,36.0,2.14,0
55834.0,6995.0,20776.0,49.4,3.0,46.0,0.5,1
43069.0,15166.0,8930.0,59.4,6.7,42.0,0.56,1
37815.0,15952.0,10393.0,65.7,7.8,42.0,0.7,0
61010.0,14085.0,12874.0,58.2,6.8,35.0,0.44,1
68558.0,7598.0,5579.0,96.0,1.9,25.0,0.19,1
66763.0,6627.0,9265.0,57.1,6.8,26.0,0.24,1
34894.0,11796.0,11666.0,61.7,11.8,46.0,0.67,1
44434.0,21382.0,21121.0,73.1,7.8,38.0,0.96,1
55963.0,16349.0,16838.0,52.0,9.8,36.0,0.59,1
67560.0,9035.0,16355.0,64.1,5.1,33.0,0.38,1
41375.0,18174.0,20956.0,74.8,9.0,35.0,0.95,1
46658.0,0.0,14038.0,65.0,7.1,50.0,0.3,1
30086.0,21190.0,17733.0,68.6,2.2,34.0,1.29,0
28468.0,0.0,14277.0,62.1,7.3,23.0,0.5,1
64625.0,9100.0,16858.0,47.3,2.0,46.0,0.4,0
74412.0,3043.0,10921.0,74.8,3.5,36.0,0.19,1
48704.0,1643.0,1000.0,96.3,6.8,38.0,0.05,1
68064.0,21287.0,14060.0,70.3,7.2,56.0,0.52,1
56509.0,8258.0,24959.0,73.4,1.2,38.0,0.59,1
38388.0,14772.0,21484.0,80.4,10.2,41.0,0.94,1
56505.0,11625.0,21758.0,51.0,8.3,25.0,0.59,1
77685.0,15816.0,23653.0,95.5,3.2,36.0,0.51,1
49355.0,12615.0,15621.0,73.0,0.0,45.0,0.57,0
78164.0,1736.0,16381.0,94.5,5.4,21.0,0.23,1
15000.0,19970.0,10676.0,59.0,4.2,40.0,2.04,0
64794.0,8050.0,12787.0,97.3,6.5,39.0,0.32,1
51567.0,0.0,19310.0,81.6,4.5,38.0,0.37,1
44618.0,8575.0,23427.0,78.3,0.0,49.0,0.72,0
51652.0,24006.0,14024.0,73.5,4.4,42.0,0.74,0
15000.0,18802.0,11849.0,66.3,4.8,54.0,2.04,0
46046.0,9211.0,15004.0,88.0,8.5,27.0,0.53,1
56428.0,9206.0,19208.0,72.1,3.2,39.0,0.5,1
76602.0,9427.0,4893.0,40.5,12.7,39.0,0.19,1
40671.0,28614.0,1000.0,53.2,0.0,26.0,0.73,0
35447.0,15055.0,11146.0,67.2,11.2,49.0,0.74,1
40968.0,15440.0,6455.0,74.6,5.1,64.0,0.53,1
66477.0,20242.0,11443.0,69.2,9.4,38.0,0.48,1
55918.0,13910.0,13966.0,88.3,6.3,44.0,0.5,1
40464.0,9928.0,11827.0,40.7,10.6,39.0,0.54,1
59239.0,10429.0,25167.0,72.2,4.5,30.0,0.6,1
51747.0,11427.0,17287.0,42.7,1.6,18.0,0.55,0
67436.0,11702.0,17103.0,81.4,11.7,30.0,0.43,1
37363.0,17821.0,19355.0,68.6,5.5,23.0,1.0,0
44102.0,12416.0,7028.0,76.3,6.9,57.0,0.44,1
42942.0,17861.0,22274.0,57.0,10.9,37.0,0.93,0
23657.0,11354.0,14470.0,89.2,1.9,34.0,1.09,0
55330.0,12629.0,19693.0,85.6,8.4,48.0,0.58,1
54699.0,0.0,7497.0,78.8,3.6,26.0,0.14,1
50092.0,19331.0,4124.0,68.1,5.5,30.0,0.47,1
45777.0,14772.0,20725.0,78.7,6.3,39.0,0.78,0
24523.0,19984.0,17635.0,59.4,0.0,49.0,1.53,0
42428.0,0.0,8686.0,82.8,2.9,44.0,0.2,1
43831.0,28707.0,8912.0,94.7,11.4,41.0,0.86,1
35559.0,10883.0,22878.0,86.1,9.5,39.0,0.95,1
47097.0,20865.0,6674.0,59.1,5.7,42.0,0.58,0
57273.0,3681.0,26499.0,75.4,7.0,40.0,0.53,1
83951.0,16902.0,8696.0,50.6,4.8,27.0,0.3,1
53142.0,3573.0,19469.0,78.6,11.4,39.0,0.43,1
54636.0,7010.0,12700.0,76.8,5.2,26.0,0.36,1
48660.0,27312.0,19222.0,42.0,6.9,39.0,0.96,0
15462.0,10475.0,11191.0,52.6,10.6,33.0,1.4,0
49523.0,13739.0,13860.0,65.8,2.9,66.0,0.56,0
51084.0,18961.0,15286.0,65.5,12.2,38.0,0.67,1
94338.0,15965.0,7985.0,51.9,0.0,23.0,0.25,0
46538.0,13203.0,20186.0,75.8,12.5,37.0,0.72,1
55428.0,14920.0,11408.0,73.8,4.5,44.0,0.47,0
49375.0,31227.0,13400.0,67.1,5.0,56.0,0.9,0
28964.0,11539.0,8040.0,58.7,0.0,32.0,0.68,0
70571.0,13609.0,1000.0,85.7,4.2,21.0,0.21,1
63535.0,20405.0,13663.0,94.8,1.8,47.0,0.54,1
64239.0,20844.0,31888.0,62.7,3.6,23.0,0.82,0
33631.0,21496.0,20492.0,60.8,5.5,33.0,1.25,0
75250.0,17110.0,14865.0,77.4,9.8,35.0,0.42,1
24767.0,2856.0,13160.0,64.6,6.8,37.0,0.65,1
60563.0,25067.0,15157.0,67.9,7.2,46.0,0.66,1
89428.0,2829.0,18830.0,81.1,1.6,30.0,0.24,1
32170.0,14421.0,6734.0,41.4,2.5,35.0,0.66,0
39807.0,5966.0,22800.0,89.8,13.2,38.0,0.72,1
51794.0,11487.0,20008.0,71.1,3.1,40.0,0.61,0
40937.0,14630.0,20027.0,63.8,12.6,39.0,0.85,0
22088.0,14571.0,18069.0,68.7,5.0,43.0,1.48,0
51234.0,15375.0,15137.0,69.4,6.0,47.0,0.6,0
30879.0,24910.0,19710.0,44.0,10.3,42.0,1.45,1
58525.0,15628.0,19143.0,92.4,11.1,43.0,0.59,1
33450.0,10047.0,12522.0,70.6,5.6,21.0,0.67,0
77899.0,19713.0,10985.0,76.6,4.4,39.0,0.39,1
35901.0,21516.0,15713.0,84.3,5.8,43.0,1.04,1
44203.0,2179.0,25843.0,54.7,7.4,46.0,0.63,0
64643.0,16779.0,6326.0,77.1,9.6,30.0,0.36,1
27844.0,17609.0,4727.0,66.0,6.0,31.0,0.8,1
54094.0,9619.0,16153.0,82.7,8.5,32.0,0.48,1
73529.0,23006.0,15356.0,38.1,12.6,44.0,0.52,0
21065.0,10800.0,16213.0,68.5,7.5,49.0,1.28,0
53323.0,13005.0,16708.0,61.0,7.2,34.0,0.56,1
54678.0,10615.0,13438.0,76.5,0.0,48.0,0.44,1
64073.0,12125.0,25429.0,77.1,0.0,39.0,0.59,0
27735.0,3230.0,3794.0,59.4,7.6,37.0,0.25,1
26232.0,480.0,9201.0,59.3,5.6,36.0,0.37,1
59395.0,24756.0,14277.0,68.3,3.9,46.0,0.66,0
55346.0,5224.0,3498.0,56.6,7.0,42.0,0.16,1
54509.0,4069.0,13769.0,82.6,5.8,63.0,0.33,1
56236.0,0.0,26630.0,64.5,10.5,29.0,0.47,1
37760.0,6888.0,15146.0,26.4,6.3,44.0,0.58,0
54181.0,1415.0,16615.0,64.4,3.0,32.0,0.33,0
55275.0,25136.0,6179.0,54.4,10.0,28.0,0.57,1
37142.0,20079.0,10685.0,45.5,5.1,38.0,0.83,0
83584.0,6495.0,12374.0,51.4,8.1,40.0,0.23,1
58529.0,30019.0,12776.0,71.6,4.1,70.0,0.73,0
28557.0,19854.0,23972.0,89.9,3.4,36.0,1.53,0
61818.0,9401.0,18904.0,74.7,6.3,26.0,0.46,0
32456.0,0.0,7220.0,60.9,6.1,41.0,0.22,1
64168.0,30328.0,16726.0,76.8,7.9,18.0,0.73,1
70855.0,883.0,18488.0,63.1,4.9,37.0,0.27,0
35228.0,0.0,22981.0,59.6,0.0,38.0,0.65,0
67341.0,20181.0,26064.0,52.7,4.3,47.0,0.69,1
57430.0,31518.0,7894.0,43.7,9.2,49.0,0.69,0
64797.0,23074.0,9324.0,64.2,4.8,32.0,0.5,1
84142.0,16511.0,6197.0,72.4,5.0,36.0,0.27,1
45583.0,16758.0,13362.0,68.6,9.9,30.0,0.66,1
36433.0,18827.0,18265.0,63.8,3.2,26.0,1.02,0
33989.0,18071.0,21911.0,55.8,0.0,41.0,1.18,0
35315.0,14250.0,14468.0,79.1,5.4,24.0,0.81,1
48612.0,12834.0,12761.0,50.2,4.1,33.0,0.53,0
56141.0,11499.0,16062.0,81.6,2.1,27.0,0.49,0
54980.0,5968.0,9154.0,55.0,5.3,44.0,0.28,1
64889.0,9755.0,29627.0,58.7,8.0,58.0,0.61,0
50234.0,0.0,3746.0,48.0,6.0,24.0,0.07,1
76164.0,11213.0,16293.0,62.5,7.2,18.0,0.36,1
45236.0,4091.0,29165.0,84.6,13.3,37.0,0.74,1
98963.0,3171.0,15048.0,77.7,4.6,38.0,0.18,1
61262.0,13439.0,13670.0,84.7,7.1,40.0,0.44,1
34571.0,23136.0,12498.0,77.8,4.0,33.0,1.03,0
30724.0,19347.0,13737.0,53.4,2.6,36.0,1.08,0
58685.0,0.0,24610.0,65.0,3.7,42.0,0.42,1
45978.0,4083.0,1000.0,58.3,4.1,49.0,0.11,1
62852.0,19526.0,25734.0,90.0,7.4,18.0,0.72,1
58518.0,4140.0,5032.0,52.0,15.4,34.0,0.16,1
48689.0,10203.0,13133.0,83.4,3.1,40.0,0.48,1
34758.0,16400.0,11995.0,83.4,4.3,28.0,0.82,1
22733.0,4253.0,19120.0,97.4,5.7,57.0,1.03,1
41963.0,12843.0,3813.0,63.9,7.6,31.0,0.4,1
65415.0,1328.0,18235.0,80.7,7.1,38.0,0.3,1
53854.0,7189.0,29170.0,100.0,11.1,44.0,0.68,1
27577.0,14558.0,5458.0,60.7,0.0,31.0,0.73,0
53117.0,0.0,16328.0,47.0,0.0,18.0,0.31,0
56936.0,15524.0,10366.0,41.8,4.0,33.0,0.45,0
34091.0,11843.0,17981.0,80.7,10.4,49.0,0.87,0
52767.0,16420.0,15134.0,41.8,0.0,34.0,0.6,0
51048.0,13791.0,10510.0,64.4,0.0,29.0,0.48,0
29427.0,22913.0,18415.0,76.6,8.3,48.0,1.4,0
56440.0,13002.0,27630.0,72.8,7.0,34.0,0.72,0
60094.0,8565.0,13664.0,76.4,1.6,32.0,0.37,0
69495.0,12978.0,20038.0,73.3,2.1,40.0,0.48,1
68968.0,16346.0,5947.0,89.2,2.1,46.0,0.32,1
25202.0,12391.0,8305.0,55.7,6.4,64.0,0.82,0
33119.0,12325.0,18307.0,59.8,3.5,47.0,0.92,0
59271.0,6384.0,25389.0,58.4,8.0,51.0,0.54,1
59248.0,6697.0,17489.0,82.5,0.0,32.0,0.41,1
59271.0,779.0,12809.0,83.5,2.6,27.0,0.23,1
119349.0,25997.0,14995.0,76.8,1.5,39.0,0.34,1
60276.0,2049.0,6247.0,87.8,5.0,39.0,0.14,1
70440.0,6457.0,19232.0,52.3,3.8,26.0,0.36,0
67172.0,6253.0,21176.0,95.0,9.2,36.0,0.41,1
61725.0,19159.0,11835.0,92.8,0.0,42.0,0.5,0
44325.0,9640.0,11710.0,81.0,6.2,42.0,0.48,1
63661.0,21982.0,16861.0,96.7,8.2,44.0,0.61,1
36089.0,6612.0,11943.0,45.2,13.4,41.0,0.51,1
45737.0,14232.0,14537.0,62.1,4.1,32.0,0.63,0
41263.0,5317.0,29698.0,59.0,7.3,32.0,0.85,0
51474.0,29161.0,13271.0,80.8,0.0,25.0,0.82,1
91664.0,2499.0,12492.0,54.2,0.0,58.0,0.16,1
16389.0,14479.0,10467.0,81.4,9.4,38.0,1.52,1
62353.0,17070.0,20209.0,90.6,6.0,36.0,0.6,1
20971.0,15310.0,13731.0,80.4,10.7,28.0,1.38,1
41505.0,10518.0,10454.0,74.3,0.5,70.0,0.51,1
69601.0,10961.0,24249.0,55.2,8.1,26.0,0.51,1
51157.0,12350.0,24937.0,57.3,13.5,33.0,0.73,0
30601.0,10824.0,10797.0,88.7,7.7,43.0,0.71,1
37125.0,19711.0,1934.0,81.7,7.1,45.0,0.58,1
62233.0,29684.0,22053.0,69.4,6.0,49.0,0.83,0
36853.0,7540.0,10208.0,63.7,0.0,58.0,0.48,0
53896.0,1042.0,20534.0,39.6,11.4,44.0,0.4,0
50820.0,11294.0,1209.0,53.9,3.6,26.0,0.25,1
38271.0,32638.0,21248.0,98.7,8.0,35.0,1.41,0
88591.0,5571.0,6522.0,50.8,0.0,41.0,0.14,0
61411.0,25113.0,20115.0,72.8,1.3,61.0,0.74,0
15000.0,25422.0,15100.0,85.1,11.7,23.0,2.7,1
53356.0,7571.0,8322.0,51.2,4.6,51.0,0.3,1
38088.0,16552.0,12151.0,72.8,11.8,40.0,0.75,1
65344.0,25027.0,19804.0,84.1,5.7,47.0,0.69,1
35735.0,8967.0,15741.0,70.2,0.0,37.0,0.69,0
47935.0,10371.0,19091.0,100.0,9.6,29.0,0.61,1
59090.0,7347.0,28835.0,45.0,3.6,46.0,0.61,0
65584.0,3882.0,4050.0,85.9,8.8,45.0,0.12,1
28395.0,6806.0,26320.0,67.4,6.1,49.0,1.17,0
43979.0,2208.0,15730.0,81.6,0.0,38.0,0.41,1
41451.0,12273.0,8709.0,76.6,6.7,31.0,0.51,1
38240.0,5840.0,5688.0,59.0,14.8,21.0,0.3,1
81778.0,13870.0,13676.0,73.4,8.0,47.0,0.34,1
57290.0,0.0,21452.0,42.1,5.8,43.0,0.37,1
27304.0,14647.0,14107.0,79.0,10.3,27.0,1.05,0
66522.0,18668.0,25578.0,74.5,6.8,32.0,0.67,1
88199.0,0.0,4842.0,79.6,6.8,33.0,0.05,1
68584.0,14992.0,14915.0,85.9,1.6,22.0,0.44,1
22651.0,21821.0,6233.0,75.5,6.9,29.0,1.24,0
41284.0,2323.0,17545.0,72.2,10.1,26.0,0.48,0
72804.0,25381.0,21208.0,56.8,2.7,33.0,0.64,1
37262.0,15352.0,12055.0,59.3,11.7,30.0,0.74,0
57989.0,6360.0,1000.0,87.8,5.6,20.0,0.13,1
63943.0,11554.0,16393.0,91.5,2.4,60.0,0.44,1
33315.0,16467.0,18057.0,66.4,10.0,52.0,1.04,1
48929.0,12608.0,17830.0,70.7,4.9,29.0,0.62,1
15000.0,16310.0,23650.0,56.4,9.0,41.0,2.66,0
31561.0,4635.0,7503.0,87.6,4.8,43.0,0.38,1
45454.0,13355.0,19762.0,80.0,5.8,51.0,0.73,0
27540.0,690.0,23348.0,99.1,8.0,29.0,0.87,1
79383.0,11110.0,2550.0,56.8,7.2,50.0,0.17,1
24257.0,4769.0,17238.0,64.3,0.0,32.0,0.91,0
42079.0,6116.0,11471.0,73.5,1.5,23.0,0.42,1
52353.0,21889.0,14429.0,79.7,9.7,46.0,0.69,1
75943.0,20730.0,17434.0,66.8,5.5,52.0,0.5,1
24154.0,16873.0,11589.0,56.9,3.9,66.0,1.18,0
70937.0,3261.0,10270.0,83.2,0.6,25.0,0.19,1
50184.0,9469.0,15239.0,80.8,1.7,46.0,0.49,0
32333.0,21705.0,7389.0,56.3,0.0,33.0,0.9,0
58318.0,13134.0,7399.0,90.3,5.6,47.0,0.35,1
53583.0,30555.0,19756.0,87.6,3.6,22.0,0.94,1
39196.0,15147.0,6958.0,72.0,2.1,24.0,0.56,0
51256.0,13536.0,19664.0,71.2,5.7,29.0,0.65,0
43064.0,9527.0,18238.0,78.3,7.5,39.0,0.64,1
52043.0,13068.0,2919.0,57.1,14.4,31.0,0.31,1
61918.0,10780.0,10257.0,70.5,0.0,45.0,0.34,1
78548.0,17665.0,23359.0,37.7,10.6,49.0,0.52,1
27719.0,19654.0,8132.0,83.1,9.9,45.0,1.0,1
88395.0,5712.0,11749.0,46.6,2.9,56.0,0.2,0
15000.0,1350.0,18234.0,92.6,6.8,43.0,1.31,0
47268.0,0.0,20484.0,65.0,4.2,25.0,0.43,0
60590.0,16064.0,13239.0,66.8,6.7,53.0,0.48,1
55058.0,3173.0,10817.0,60.6,12.0,31.0,0.25,1
38791.0,0.0,24957.0,65.7,8.4,48.0,0.64,1
46254.0,15109.0,27172.0,91.3,8.0,55.0,0.91,1
41126.0,31944.0,21852.0,32.7,4.3,43.0,1.31,0
39391.0,11951.0,15597.0,89.2,0.1,22.0,0.7,1
65293.0,18708.0,9342.0,75.1,5.2,28.0,0.43,1
56426.0,12655.0,9187.0,51.9,10.8,53.0,0.39,0
37528.0,11209.0,18658.0,53.9,0.0,36.0,0.8,0
66193.0,19353.0,17929.0,95.1,1.8,39.0,0.56,1
55531.0,9678.0,24811.0,55.8,6.5,46.0,0.62,0
64632.0,14139.0,19553.0,52.7,2.1,46.0,0.52,0
61333.0,14574.0,4478.0,87.1,2.8,41.0,0.31,1
35078.0,6655.0,22364.0,75.1,4.3,36.0,0.83,0
39917.0,19936.0,8014.0,55.9,0.5,35.0,0.7,0
63451.0,10600.0,12312.0,73.2,2.1,47.0,0.36,1
60987.0,5954.0,16751.0,54.6,8.8,44.0,0.37,1
49624.0,16292.0,28970.0,86.5,0.8,35.0,0.91,0
52112.0,4812.0,36769.0,85.9,0.0,50.0,0.8,1
72998.0,12225.0,19247.0,78.0,3.5,37.0,0.43,1
39352.0,11927.0,13718.0,75.4,8.9,29.0,0.65,1
59848.0,20687.0,18742.0,96.4,5.2,30.0,0.66,1
46361.0,15798.0,21214.0,70.0,4.1,27.0,0.8,0
46082.0,11800.0,12755.0,52.3,6.2,35.0,0.53,0
69778.0,18542.0,27566.0,76.7,0.0,52.0,0.66,1
64857.0,23122.0,16610.0,100.0,8.0,29.0,0.61,1
64643.0,16462.0,18484.0,54.8,7.5,40.0,0.54,1
73499.0,12083.0,19661.0,64.6,4.4,31.0,0.43,1
50378.0,1505.0,17951.0,76.2,10.0,35.0,0.39,1
62275.0,3479.0,20873.0,69.2,1.5,21.0,0.39,1
44415.0,9558.0,10679.0,55.3,10.5,36.0,0.46,1
55835.0,7124.0,11092.0,86.8,6.6,36.0,0.33,1
47657.0,10504.0,7299.0,100.0,4.7,44.0,0.37,1
51746.0,12453.0,18077.0,72.9,5.9,40.0,0.59,1
60713.0,16238.0,20453.0,56.4,5.6,25.0,0.6,0
35272.0,11436.0,18204.0,46.8,10.9,50.0,0.84,0
87663.0,15892.0,26721.0,73.9,1.7,40.0,0.49,1
31892.0,12516.0,14961.0,86.6,2.9,40.0,0.86,0
28145.0,0.0,19681.0,77.1,10.1,38.0,0.7,1
70846.0,4485.0,7358.0,70.0,3.6,32.0,0.17,1
64250.0,10847.0,12290.0,61.2,9.6,40.0,0.36,1
61234.0,2322.0,19869.0,53.6,12.8,43.0,0.36,1
61310.0,16799.0,20944.0,82.5,4.4,19.0,0.62,1
49780.0,24246.0,12942.0,83.7,8.7,32.0,0.75,1
33849.0,21750.0,14499.0,46.8,1.4,35.0,1.07,0
51364.0,10292.0,4375.0,93.8,9.0,41.0,0.29,1
37811.0,23926.0,12501.0,78.6,6.8,51.0,0.96,0
67552.0,13189.0,21233.0,91.0,7.9,30.0,0.51,1
47353.0,9303.0,19026.0,49.9,3.4,33.0,0.6,0
35141.0,7093.0,18505.0,49.5,0.0,32.0,0.73,0
44215.0,9580.0,15348.0,67.8,8.0,29.0,0.56,1
57433.0,8895.0,15049.0,77.5,0.0,34.0,0.42,1
39853.0,13363.0,10378.0,96.9,4.7,46.0,0.6,1
35200.0,13285.0,19892.0,80.6,9.8,26.0,0.94,0
54386.0,12024.0,17947.0,66.4,6.8,43.0,0.55,1
54409.0,15496.0,18444.0,54.6,13.8,19.0,0.62,1
40875.0,21525.0,11318.0,88.5,10.1,32.0,0.8,1
41521.0,19596.0,1000.0,55.5,3.4,34.0,0.5,0
54177.0,121.0,22680.0,94.4,6.1,56.0,0.42,1
23934.0,0.0,11648.0,65.7,5.8,35.0,0.49,1
24666.0,19475.0,8961.0,93.9,0.0,18.0,1.15,1
37068.0,1065.0,19854.0,80.2,2.2,18.0,0.56,0
46158.0,10202.0,12256.0,67.9,3.8,38.0,0.49,0
55596.0,2639.0,22420.0,62.2,0.0,45.0,0.45,1
76556.0,0.0,19319.0,64.9,6.2,42.0,0.25,1
65438.0,16332.0,19785.0,76.4,5.0,40.0,0.55,0
47121.0,18073.0,5438.0,71.2,0.0,51.0,0.5,1
49658.0,7388.0,23484.0,61.1,7.6,32.0,0.62,0
31954.0,0.0,16829.0,67.5,8.9,48.0,0.53,1
49667.0,7630.0,12415.0,71.2,6.9,20.0,0.4,1
44804.0,15134.0,16004.0,38.1,4.7,28.0,0.69,0
55809.0,169.0,2566.0,76.9,8.4,18.0,0.05,1
35110.0,13467.0,17861.0,55.3,8.7,35.0,0.89,0
59348.0,11878.0,7794.0,52.7,7.2,37.0,0.33,1
77589.0,16634.0,5531.0,44.7,2.7,39.0,0.29,1
48042.0,12957.0,4343.0,43.1,7.1,39.0,0.36,0
57231.0,4215.0,22789.0,49.7,10.8,28.0,0.47,1
62423.0,21573.0,10595.0,59.4,3.6,36.0,0.52,1
42778.0,10732.0,25736.0,99.3,14.4,22.0,0.85,1
54034.0,11782.0,11249.0,62.1,3.9,53.0,0.43,0
50227.0,4534.0,3048.0,72.7,6.1,35.0,0.15,1
51758.0,8454.0,7184.0,76.0,3.3,33.0,0.3,1
36086.0,4922.0,23651.0,72.0,6.9,55.0,0.79,0
50441.0,10616.0,13909.0,68.8,0.0,24.0,0.49,0
58964.0,25694.0,11162.0,52.1,3.8,26.0,0.63,0
76121.0,1025.0,16120.0,91.8,1.6,26.0,0.23,1
67267.0,0.0,18512.0,97.1,6.5,37.0,0.28,1
88757.0,23769.0,22822.0,44.8,10.0,43.0,0.52,1
36188.0,10325.0,25139.0,54.6,8.6,46.0,0.98,0
65702.0,6647.0,12482.0,65.8,0.0,66.0,0.29,1
53300.0,20319.0,5718.0,55.5,14.2,18.0,0.49,1
89416.0,7155.0,12106.0,77.6,7.2,45.0,0.22,1
35451.0,26608.0,16822.0,59.1,2.9,32.0,1.23,0
34885.0,17423.0,8254.0,100.0,6.6,32.0,0.74,1
39211.0,8097.0,8300.0,87.9,6.7,31.0,0.42,1
15000.0,29258.0,17407.0,73.2,3.3,28.0,3.11,0
40536.0,7154.0,14659.0,85.4,6.8,57.0,0.54,1
36336.0,17937.0,15230.0,86.6,3.6,47.0,0.91,1
52707.0,14394.0,9691.0,61.5,4.4,38.0,0.46,1
56152.0,22414.0,13387.0,57.8,3.3,53.0,0.64,0
83771.0,24492.0,8530.0,71.2,0.3,21.0,0.39,0
67108.0,12256.0,21231.0,82.9,6.6,23.0,0.5,1
39616.0,5973.0,22247.0,72.1,8.3,18.0,0.71,1
33829.0,15680.0,2077.0,46.3,8.1,30.0,0.52,0
58855.0,6578.0,8493.0,58.0,9.3,40.0,0.26,1
26236.0,28107.0,4524.0,68.9,7.3,39.0,1.24,0
82966.0,13092.0,10450.0,68.9,3.9,40.0,0.28,1
71230.0,9077.0,14416.0,99.6,9.4,22.0,0.33,1
41555.0,13477.0,4852.0,49.2,0.6,47.0,0.44,0
19164.0,1223.0,8547.0,77.6,2.4,41.0,0.51,1
74370.0,4227.0,7972.0,92.3,2.1,46.0,0.16,1
47938.0,21603.0,16451.0,100.0,10.3,18.0,0.79,1
72281.0,6745.0,15485.0,63.9,9.8,41.0,0.31,1
21300.0,3625.0,9948.0,77.4,7.9,25.0,0.64,1
39211.0,16293.0,16238.0,78.5,10.3,34.0,0.83,1
50094.0,21486.0,11173.0,72.9,2.5,44.0,0.65,0
50846.0,17752.0,13098.0,68.5,7.4,39.0,0.61,1
41899.0,19968.0,26714.0,76.5,5.5,29.0,1.11,0
61211.0,5946.0,24383.0,32.0,9.4,38.0,0.5,1
30783.0,626.0,5903.0,80.2,5.5,21.0,0.21,1
47437.0,24011.0,20808.0,71.9,4.5,51.0,0.94,0
52165.0,9419.0,20680.0,66.7,8.2,36.0,0.58,1
59260.0,9993.0,6962.0,100.0,9.5,50.0,0.29,1
62809.0,22626.0,20731.0,59.9,3.3,32.0,0.69,0
29756.0,16450.0,25766.0,64.0,5.8,32.0,1.42,0
22386.0,15647.0,7142.0,99.9,1.8,30.0,1.02,0
72998.0,29320.0,8577.0,57.5,0.0,48.0,0.52,0
55982.0,6852.0,22124.0,61.7,6.8,30.0,0.52,1
36527.0,19423.0,16900.0,67.8,8.4,45.0,0.99,0
77921.0,12456.0,18860.0,82.6,7.0,34.0,0.4,1
52082.0,14149.0,17384.0,73.1,0.0,18.0,0.61,1
71227.0,24228.0,17735.0,50.6,4.6,32.0,0.59,0
51215.0,16063.0,5715.0,62.0,0.0,25.0,0.43,0
87093.0,16306.0,22331.0,60.9,11.5,38.0,0.44,1
81596.0,20580.0,23187.0,68.8,1.7,25.0,0.54,0
45519.0,9080.0,13394.0,76.4,11.0,48.0,0.49,1
67488.0,5286.0,14696.0,76.3,9.8,37.0,0.3,1
61617.0,3642.0,4282.0,43.4,2.4,36.0,0.13,0
74635.0,0.0,18600.0,86.0,1.5,45.0,0.25,1
32631.0,28450.0,19004.0,73.8,7.4,49.0,1.45,0
62349.0,3174.0,14565.0,90.8,2.6,38.0,0.28,1
69052.0,10230.0,22870.0,76.7,6.4,30.0,0.48,1
18343.0,9785.0,12661.0,86.5,4.1,18.0,1.22,0
28701.0,14459.0,18952.0,77.0,0.0,30.0,1.16,0
15000.0,18526.0,7862.0,90.2,0.0,31.0,1.76,0
45151.0,18884.0,14835.0,77.8,6.9,39.0,0.75,0
62916.0,7335.0,13780.0,68.5,3.8,34.0,0.34,0
77042.0,10663.0,16577.0,100.0,3.8,46.0,0.35,1
51334.0,14261.0,12413.0,83.3,8.8,31.0,0.52,1
79315.0,10010.0,14080.0,78.6,10.7,37.0,0.3,1
25158.0,24859.0,20782.0,50.9,4.9,51.0,1.81,0
19339.0,15928.0,11943.0,50.7,4.6,42.0,1.44,0
49000.0,17879.0,3754.0,74.4,8.0,37.0,0.44,1
56913.0,17303.0,27247.0,72.2,0.6,31.0,0.78,0
49411.0,21388.0,24670.0,60.8,6.9,31.0,0.93,0
15000.0,13448.0,5954.0,72.1,8.2,29.0,1.29,0
48396.0,1625.0,19828.0,93.8,8.7,32.0,0.44,1
26520.0,15198.0,11479.0,80.4,0.0,46.0,1.01,0
62054.0,6789.0,16844.0,52.9,3.0,36.0,0.38,0
56599.0,7771.0,17060.0,68.3,2.5,23.0,0.44,0
33082.0,16691.0,13359.0,57.9,6.4,57.0,0.91,0
40750.0,21906.0,9514.0,64.2,7.9,42.0,0.77,0
30934.0,12170.0,10166.0,63.8,12.0,23.0,0.72,1
48872.0,14471.0,8587.0,62.8,4.0,33.0,0.47,0
67193.0,25618.0,9177.0,51.2,4.0,39.0,0.52,1
32257.0,13926.0,14530.0,68.1,10.6,57.0,0.88,0
59073.0,32813.0,9990.0,61.6,7.2,26.0,0.72,0
40455.0,16524.0,19774.0,26.1,11.1,49.0,0.9,0
35728.0,0.0,25411.0,100.0,7.2,53.0,0.71,1
48073.0,18027.0,10940.0,86.3,1.4,31.0,0.6,0
31366.0,15049.0,16676.0,64.4,0.7,35.0,1.01,0
40034.0,22318.0,18498.0,70.3,0.0,27.0,1.02,0
28438.0,17385.0,18304.0,52.4,8.6,36.0,1.25,0
85365.0,10892.0,15532.0,95.4,10.8,38.0,0.31,1
50635.0,2206.0,20199.0,98.5,13.4,45.0,0.44,1
37405.0,10328.0,18376.0,72.4,9.4,50.0,0.77,1
53852.0,5196.0,6336.0,85.4,10.7,30.0,0.21,1
47978.0,7356.0,21084.0,72.6,3.7,18.0,0.59,0
46023.0,16709.0,21211.0,49.9,1.4,38.0,0.82,0
61055.0,25359.0,9657.0,63.8,9.4,41.0,0.57,1
63635.0,15157.0,15266.0,72.0,7.7,41.0,0.48,1
40451.0,2433.0,19783.0,63.2,6.4,34.0,0.55,1
39635.0,15557.0,13535.0,66.7,7.5,39.0,0.73,0
45049.0,21573.0,22511.0,68.6,7.3,55.0,0.98,0
15000.0,7122.0,31547.0,68.8,11.1,42.0,2.58,0
22727.0,10928.0,9498.0,70.8,11.2,34.0,0.9,1
74604.0,12118.0,5333.0,54.1,8.2,32.0,0.23,0
79609.0,5721.0,17127.0,59.2,9.4,36.0,0.29,1
45517.0,17186.0,20051.0,50.7,8.1,56.0,0.82,0
60378.0,11032.0,13384.0,84.7,4.2,36.0,0.4,1
55603.0,15356.0,25173.0,38.4,9.0,38.0,0.73,0
105420.0,4900.0,5630.0,87.3,0.4,33.0,0.1,1
70152.0,8500.0,19850.0,90.8,10.2,50.0,0.4,1
47697.0,17779.0,10759.0,65.5,1.2,60.0,0.6,0
32800.0,9017.0,27036.0,31.0,7.1,43.0,1.1,0
21084.0,25816.0,28948.0,64.6,2.6,39.0,2.6,0
53662.0,8803.0,9633.0,69.0,8.2,38.0,0.34,1
36386.0,13797.0,11153.0,54.8,5.9,18.0,0.69,0
24399.0,19461.0,21017.0,62.3,0.0,46.0,1.66,0
38362.0,653.0,12290.0,93.0,7.7,39.0,0.34,1
30532.0,0.0,14682.0,80.0,3.7,43.0,0.48,0
80369.0,0.0,15178.0,56.1,9.5,30.0,0.19,1
65870.0,22101.0,1562.0,46.0,6.0,34.0,0.36,1
49856.0,7585.0,14903.0,65.1,7.6,33.0,0.45,1
76639.0,32466.0,10172.0,66.8,2.2,49.0,0.56,0
51393.0,7486.0,11548.0,77.4,3.6,34.0,0.37,1
34497.0,13476.0,25105.0,62.0,4.2,61.0,1.12,0
77416.0,24337.0,6204.0,77.7,9.4,43.0,0.39,1
59700.0,28049.0,20692.0,99.0,12.7,24.0,0.82,1
31330.0,28492.0,13047.0,82.2,2.8,37.0,1.33,0
46574.0,21667.0,13042.0,69.3,10.3,31.0,0.75,1
34239.0,20193.0,20533.0,67.3,0.0,18.0,1.19,0
25110.0,16740.0,17380.0,64.6,1.2,56.0,1.36,0
66671.0,18227.0,18994.0,87.7,2.2,46.0,0.56,1
84369.0,7591.0,21777.0,60.6,0.6,44.0,0.35,0
24826.0,5454.0,12681.0,70.7,0.0,40.0,0.73,0
60133.0,11973.0,10714.0,70.8,7.7,23.0,0.38,1
38288.0,10639.0,7404.0,62.5,5.1,33.0,0.47,1
41232.0,8374.0,9222.0,49.4,7.5,47.0,0.43,0
39337.0,17571.0,35644.0,74.8,8.8,26.0,1.35,1
34448.0,19642.0,23713.0,69.1,7.1,18.0,1.26,0
50873.0,12707.0,5542.0,77.5,8.6,36.0,0.36,1
35043.0,23820.0,5743.0,62.0,5.7,36.0,0.84,1
54868.0,2866.0,18373.0,88.3,1.3,39.0,0.39,1
49096.0,10451.0,18831.0,56.8,10.2,46.0,0.6,1
45699.0,6265.0,18842.0,95.7,3.6,45.0,0.55,1
33664.0,0.0,13215.0,43.8,2.3,41.0,0.39,0
39618.0,11339.0,14122.0,76.5,5.3,51.0,0.64,1
63597.0,11026.0,17295.0,77.1,2.3,21.0,0.45,0
59017.0,24108.0,15601.0,58.1,4.3,44.0,0.67,1
32404.0,17046.0,1000.0,76.4,7.4,45.0,0.56,1
51788.0,3807.0,13391.0,89.2,7.4,24.0,0.33,1
63525.0,26833.0,9040.0,36.7,2.4,21.0,0.56,0
19951.0,21768.0,16226.0,77.5,4.0,30.0,1.9,0
59780.0,16657.0,35897.0,32.6,10.3,31.0,0.88,0
38073.0,10188.0,17572.0,55.5,8.0,46.0,0.73,0
60271.0,4324.0,12805.0,94.4,14.3,31.0,0.28,1
36261.0,9022.0,21453.0,61.3,10.7,29.0,0.84,1
17512.0,20710.0,18379.0,52.4,10.6,31.0,2.23,0
20704.0,27077.0,17941.0,67.0,0.4,50.0,2.17,0
50866.0,24346.0,19248.0,100.0,9.1,38.0,0.86,1
54675.0,8089.0,29396.0,42.5,5.8,36.0,0.69,0
33722.0,3043.0,7084.0,54.2,3.8,37.0,0.3,0
61495.0,13127.0,18315.0,92.5,6.7,52.0,0.51,1
20093.0,0.0,8515.0,97.9,9.8,30.0,0.42,1
48811.0,14585.0,18889.0,68.4,8.0,52.0,0.69,1
28202.0,10819.0,8569.0,51.4,2.5,40.0,0.69,0
38267.0,8272.0,12078.0,100.0,9.0,36.0,0.53,1
50853.0,0.0,12934.0,93.9,3.4,66.0,0.25,1
34513.0,16109.0,21831.0,80.2,6.9,26.0,1.1,0
43078.0,7738.0,21429.0,57.8,4.8,34.0,0.68,0
68113.0,2641.0,6280.0,69.3,5.1,24.0,0.13,1
39616.0,0.0,15385.0,67.6,9.1,48.0,0.39,1
65042.0,11780.0,10033.0,75.0,1.8,57.0,0.34,1
29665.0,26178.0,6190.0,91.8,13.8,56.0,1.09,0
59536.0,25290.0,13481.0,83.2,0.0,51.0,0.65,0
75948.0,8343.0,12841.0,53.8,3.6,36.0,0.28,0
15000.0,7182.0,31987.0,90.6,7.5,34.0,2.61,1
35656.0,15750.0,18031.0,74.7,8.3,20.0,0.95,0
60387.0,4013.0,5357.0,80.3,5.6,60.0,0.16,1
46345.0,14414.0,11047.0,92.0,5.8,43.0,0.55,1
56681.0,18129.0,22150.0,53.3,7.6,33.0,0.71,0
39128.0,21815.0,29619.0,69.5,5.1,53.0,1.31,0
51559.0,11199.0,3898.0,62.0,11.6,27.0,0.29,1
47198.0,10371.0,1841.0,46.5,9.4,42.0,0.26,1
71020.0,4976.0,28097.0,75.2,9.5,36.0,0.47,1
54580.0,5385.0,17727.0,100.0,2.1,45.0,0.42,1
56077.0,10188.0,8922.0,42.4,5.7,37.0,0.34,0
42586.0,14939.0,18742.0,69.5,4.8,22.0,0.79,0
41223.0,19309.0,1000.0,79.6,2.0,39.0,0.49,1
42214.0,5575.0,15024.0,71.8,7.4,50.0,0.49,1
57100.0,23942.0,17295.0,68.3,3.8,38.0,0.72,1
42422.0,9831.0,21470.0,50.5,8.6,47.0,0.74,1
55216.0,11829.0,7903.0,73.5,1.7,26.0,0.36,1
87357.0,6022.0,15600.0,58.6,12.9,38.0,0.25,1
65680.0,0.0,8522.0,37.2,2.4,31.0,0.13,0
44132.0,19072.0,16788.0,87.9,6.9,46.0,0.81,1
71622.0,17895.0,8733.0,84.4,9.2,38.0,0.37,1
42655.0,9749.0,12143.0,70.8,3.7,46.0,0.51,1
15000.0,12536.0,8029.0,73.4,9.4,50.0,1.37,1
31854.0,16128.0,19558.0,86.1,1.1,46.0,1.12,0
16326.0,0.0,21009.0,73.4,11.8,41.0,1.29,1
43673.0,7768.0,13358.0,83.6,6.1,27.0,0.48,1
50332.0,18354.0,15268.0,65.5,3.6,38.0,0.67,0
80176.0,1966.0,4860.0,89.7,4.8,32.0,0.09,1
55885.0,14348.0,12902.0,74.8,9.2,34.0,0.49,1
46056.0,1147.0,14649.0,72.9,3.7,34.0,0.34,1
64929.0,15731.0,33346.0,50.9,3.0,27.0,0.76,0
15000.0,11715.0,7216.0,74.3,5.1,18.0,1.26,1
54241.0,0.0,25249.0,57.5,1.3,31.0,0.47,0
63876.0,21318.0,21978.0,60.4,13.3,40.0,0.68,0
23385.0,6123.0,16964.0,57.8,3.7,23.0,0.99,0
70588.0,5518.0,27310.0,54.0,9.3,38.0,0.47,0
56093.0,13605.0,17605.0,100.0,6.8,59.0,0.56,1
42525.0,21189.0,17724.0,90.0,2.1,49.0,0.92,0
61390.0,3873.0,14628.0,98.8,6.0,56.0,0.3,1
90872.0,12493.0,23565.0,51.7,9.1,42.0,0.4,0
53274.0,15431.0,22675.0,71.1,5.2,51.0,0.72,1
54468.0,17545.0,10620.0,50.6,10.8,30.0,0.52,1
41732.0,13412.0,5765.0,59.6,10.1,31.0,0.46,1
34703.0,9064.0,13579.0,56.2,9.7,18.0,0.65,1
64946.0,5379.0,9400.0,88.6,4.2,51.0,0.23,1
34590.0,12689.0,14555.0,64.1,1.7,55.0,0.79,0
51288.0,3423.0,23662.0,86.0,3.5,32.0,0.53,1
41402.0,0.0,11799.0,79.1,6.8,35.0,0.28,1
58622.0,15492.0,14700.0,100.0,8.2,30.0,0.52,1
56006.0,19231.0,15406.0,47.8,0.0,42.0,0.62,0
68676.0,0.0,20939.0,88.9,6.0,50.0,0.3,1
40820.0,3922.0,1000.0,87.2,6.6,19.0,0.12,1
45142.0,16953.0,10753.0,55.4,4.9,43.0,0.61,0
32382.0,28460.0,16479.0,85.1,11.2,35.0,1.39,1
42003.0,12166.0,23401.0,75.0,7.7,39.0,0.85,0
56791.0,6176.0,11557.0,66.6,11.2,43.0,0.31,1
63626.0,10537.0,1864.0,57.6,5.1,36.0,0.19,0
33401.0,22999.0,19338.0,59.2,9.7,37.0,1.27,0
65653.0,6832.0,10552.0,100.0,12.5,36.0,0.26,1
74401.0,5606.0,6672.0,70.0,11.2,49.0,0.17,1
57442.0,8138.0,10630.0,81.7,1.6,43.0,0.33,1
83782.0,4373.0,13708.0,58.1,5.0,40.0,0.22,0
36072.0,12981.0,10767.0,58.3,4.6,24.0,0.66,0
27596.0,24997.0,1000.0,86.2,8.0,34.0,0.94,1
17983.0,14585.0,21279.0,49.8,8.7,48.0,1.99,0
76929.0,9981.0,23924.0,63.8,2.6,38.0,0.44,1
61779.0,9666.0,19561.0,70.5,6.3,45.0,0.47,1
48999.0,0.0,7036.0,71.7,0.0,57.0,0.14,1
55039.0,19065.0,13590.0,67.3,11.8,49.0,0.59,1
29741.0,11377.0,14954.0,75.9,4.0,39.0,0.89,1
94024.0,10556.0,19192.0,80.4,6.2,32.0,0.32,1
52326.0,37545.0,19678.0,81.0,4.8,18.0,1.09,0
51969.0,14390.0,9861.0,55.2,10.6,36.0,0.47,1
63064.0,5986.0,15574.0,65.7,0.0,34.0,0.34,1
58658.0,8589.0,18201.0,87.9,5.9,42.0,0.46,1
54030.0,21188.0,25191.0,83.4,5.6,36.0,0.86,1
35771.0,12906.0,19932.0,49.4,4.2,34.0,0.92,0
58486.0,494.0,20523.0,75.3,12.9,18.0,0.36,1
83876.0,19354.0,15587.0,40.3,2.5,28.0,0.42,0
74218.0,6655.0,24873.0,70.7,9.1,43.0,0.42,1
78677.0,26986.0,17868.0,98.5,7.4,57.0,0.57,1
40798.0,20640.0,8972.0,55.8,11.0,37.0,0.73,0
32187.0,8421.0,24824.0,57.5,3.3,42.0,1.03,0
47736.0,22248.0,19885.0,81.5,3.1,48.0,0.88,1
51003.0,12543.0,11899.0,46.9,10.4,29.0,0.48,0
69695.0,18822.0,11644.0,60.5,7.7,42.0,0.44,1
19536.0,15878.0,17076.0,78.9,0.0,30.0,1.69,0
77532.0,5229.0,18242.0,60.5,3.8,48.0,0.3,1
47156.0,6852.0,16381.0,66.5,7.5,40.0,0.49,1
42316.0,20240.0,17179.0,81.2,9.4,41.0,0.88,1
31782.0,9322.0,26900.0,76.3,3.3,29.0,1.14,0
20213.0,8771.0,22501.0,74.0,0.0,46.0,1.55,0
64817.0,4359.0,16334.0,64.9,8.1,61.0,0.32,1
51320.0,15389.0,21589.0,75.6,1.1,27.0,0.72,0
26781.0,28500.0,7772.0,68.1,0.0,34.0,1.35,0
26689.0,3460.0,17785.0,76.9,0.0,41.0,0.8,0
43956.0,12194.0,27665.0,62.5,9.3,47.0,0.91,0
80042.0,23298.0,13474.0,67.3,6.5,32.0,0.46,1
45327.0,11363.0,9067.0,55.2,5.1,18.0,0.45,0
22943.0,15619.0,10435.0,69.5,11.6,53.0,1.14,0
45577.0,3501.0,7373.0,57.8,8.5,46.0,0.24,1
45091.0,15426.0,9507.0,53.3,12.5,19.0,0.55,1
15000.0,10503.0,12406.0,73.9,0.4,31.0,1.53,0
49023.0,19886.0,5161.0,73.2,5.9,55.0,0.51,1
45843.0,21499.0,15109.0,81.7,0.0,54.0,0.8,1
62532.0,32717.0,21316.0,63.5,5.1,48.0,0.86,0
83281.0,16637.0,8646.0,76.1,5.0,36.0,0.3,1
70278.0,14606.0,25635.0,78.3,8.5,39.0,0.57,1
45160.0,13555.0,18576.0,76.7,6.2,37.0,0.71,0
30083.0,9175.0,22214.0,57.6,8.5,50.0,1.04,0
96320.0,14708.0,10395.0,72.2,8.8,28.0,0.26,1
51066.0,9637.0,20982.0,75.5,14.6,29.0,0.6,1
50251.0,13348.0,7356.0,70.1,4.7,49.0,0.41,0
49566.0,22541.0,21232.0,38.7,2.2,38.0,0.88,0
53566.0,3948.0,16203.0,72.4,7.0,53.0,0.38,1
47402.0,21119.0,18873.0,100.0,2.8,31.0,0.84,1
39674.0,22537.0,6771.0,64.6,11.9,37.0,0.74,1
40157.0,11055.0,8735.0,59.1,4.9,28.0,0.49,0
49410.0,0.0,19181.0,75.6,3.7,38.0,0.39,1
40218.0,7137.0,8362.0,74.7,4.1,22.0,0.39,0
37169.0,22376.0,18242.0,87.9,8.9,33.0,1.09,1
51916.0,11817.0,5430.0,51.1,5.4,22.0,0.33,0
45410.0,4006.0,20937.0,81.0,3.4,46.0,0.55,0
77072.0,7962.0,6372.0,78.9,12.7,46.0,0.19,1
15000.0,18725.0,18866.0,67.9,2.6,19.0,2.51,0
69647.0,16374.0,19379.0,75.1,6.1,53.0,0.51,1
72430.0,10089.0,10123.0,85.4,8.6,65.0,0.28,1
15000.0,9065.0,19074.0,83.1,0.0,39.0,1.88,0
43832.0,8866.0,16823.0,52.9,7.9,31.0,0.59,1
43314.0,4621.0,11228.0,82.3,1.8,69.0,0.37,1
24665.0,24923.0,7940.0,69.0,9.3,23.0,1.33,1
35999.0,9421.0,1262.0,71.1,2.1,38.0,0.3,1
30010.0,21737.0,17448.0,71.1,8.8,40.0,1.31,0
81541.0,24171.0,4046.0,67.7,10.4,53.0,0.35,1
66842.0,19986.0,15667.0,87.9,9.4,42.0,0.53,1
72888.0,8547.0,13156.0,68.7,7.0,33.0,0.3,1
62990.0,15230.0,19754.0,53.2,5.1,28.0,0.56,0
29677.0,11806.0,12886.0,64.1,3.7,34.0,0.83,0
40559.0,4770.0,12694.0,72.7,11.9,27.0,0.43,1
58809.0,14595.0,20123.0,88.4,3.2,39.0,0.59,1
28002.0,2568.0,17345.0,79.0,1.9,32.0,0.71,0
62834.0,21501.0,17213.0,57.2,8.7,22.0,0.62,1
45674.0,8283.0,18285.0,100.0,2.8,52.0,0.58,1
43253.0,13609.0,4251.0,74.0,2.2,33.0,0.41,0
62797.0,14266.0,20298.0,89.1,0.2,24.0,0.55,0
57997.0,9929.0,19287.0,67.7,4.1,36.0,0.5,0
43503.0,16694.0,7883.0,78.0,5.7,39.0,0.56,1
70868.0,8201.0,13291.0,82.6,7.0,19.0,0.3,1
30541.0,18970.0,14725.0,88.3,9.8,42.0,1.1,1
61087.0,1232.0,14059.0,85.9,8.1,26.0,0.25,1
60676.0,13011.0,17337.0,83.1,5.2,57.0,0.5,1
44428.0,27511.0,25020.0,65.3,5.2,44.0,1.18,0
55870.0,3997.0,22572.0,61.4,8.0,34.0,0.48,1
27480.0,6578.0,5814.0,75.0,11.1,30.0,0.45,1
66632.0,16111.0,19354.0,84.0,6.5,37.0,0.53,1
46672.0,13437.0,24303.0,66.7,4.1,45.0,0.81,0
40591.0,14805.0,17708.0,86.0,2.0,38.0,0.8,1
68882.0,15913.0,22637.0,91.8,0.2,36.0,0.56,1
37322.0,17078.0,29086.0,56.3,8.7,39.0,1.24,0
24648.0,20878.0,22166.0,57.4,8.3,31.0,1.75,0
21981.0,15279.0,16745.0,67.9,8.3,34.0,1.46,0
60908.0,10070.0,22316.0,74.6,5.5,18.0,0.53,0
26952.0,17381.0,16014.0,62.1,11.6,49.0,1.24,0
81586.0,27199.0,15167.0,90.3,4.1,41.0,0.52,1
15000.0,10939.0,12540.0,76.4,9.8,29.0,1.57,1
80536.0,4204.0,25944.0,70.6,5.8,59.0,0.37,1
53798.0,20857.0,9271.0,48.5,3.6,39.0,0.56,0
48259.0,11037.0,25727.0,50.3,8.4,27.0,0.76,1
40191.0,0.0,18499.0,74.2,7.6,47.0,0.46,1
57184.0,18779.0,5205.0,38.0,7.4,42.0,0.42,0
49323.0,7717.0,17574.0,85.2,6.3,42.0,0.51,0
69859.0,11276.0,1000.0,67.6,5.8,33.0,0.18,1
52056.0,14656.0,19379.0,100.0,15.6,43.0,0.65,1
52705.0,13524.0,21197.0,100.0,10.7,35.0,0.66,1
43455.0,17676.0,10854.0,67.3,8.9,44.0,0.66,1
48975.0,8516.0,15865.0,68.4,6.4,18.0,0.5,1
55540.0,16105.0,28679.0,84.9,10.0,33.0,0.81,1
19217.0,9924.0,11460.0,95.5,8.1,57.0,1.11,1
25733.0,17910.0,7588.0,45.4,6.1,30.0,0.99,0
63379.0,16923.0,25372.0,43.2,4.8,31.0,0.67,0
53076.0,4516.0,28738.0,60.7,5.7,33.0,0.63,0
46688.0,20688.0,15026.0,78.7,0.0,25.0,0.76,1
50332.0,7712.0,22080.0,77.5,6.8,18.0,0.59,1
56256.0,18464.0,24390.0,86.0,4.0,35.0,0.76,1
40284.0,14938.0,9803.0,52.0,12.4,39.0,0.61,0
35991.0,26705.0,11603.0,35.3,6.1,37.0,1.06,0
53525.0,10212.0,23616.0,82.9,1.2,36.0,0.63,1
32389.0,9205.0,26795.0,57.6,5.8,38.0,1.11,0
57349.0,11845.0,18940.0,39.7,1.8,49.0,0.54,0
19353.0,9575.0,8841.0,72.2,7.9,36.0,0.95,0
68525.0,18400.0,28909.0,81.9,7.2,32.0,0.69,1
58507.0,0.0,11283.0,68.2,9.8,35.0,0.19,1
54609.0,3571.0,12654.0,63.1,2.8,44.0,0.3,1
67688.0,3458.0,17396.0,67.6,6.1,54.0,0.31,1
79979.0,19602.0,25879.0,64.4,0.5,31.0,0.57,1
68259.0,25685.0,20978.0,49.8,8.8,39.0,0.68,0
16864.0,11164.0,17904.0,59.3,8.1,42.0,1.72,0
26968.0,10649.0,18243.0,77.8,8.0,27.0,1.07,0
38753.0,12560.0,15305.0,74.8,6.0,38.0,0.72,0
50470.0,21295.0,18907.0,72.5,7.7,22.0,0.8,0
59318.0,4581.0,1000.0,55.1,12.4,19.0,0.09,1
36937.0,13907.0,12924.0,67.3,4.9,42.0,0.73,0
53362.0,19802.0,16689.0,37.3,6.6,34.0,0.68,0
36403.0,16009.0,6943.0,72.7,1.7,40.0,0.63,0
38993.0,13517.0,17704.0,91.4,2.5,38.0,0.8,0
24680.0,20008.0,13569.0,47.9,6.4,27.0,1.36,0
33382.0,0.0,27288.0,61.2,10.4,38.0,0.82,1
25670.0,17423.0,26011.0,74.9,5.0,24.0,1.69,0
32434.0,6767.0,11739.0,88.8,5.1,53.0,0.57,1
68966.0,0.0,13944.0,63.3,4.4,23.0,0.2,1
32911.0,16090.0,14482.0,59.6,3.9,36.0,0.93,0
97383.0,22989.0,11838.0,40.5,7.2,27.0,0.36,0
58880.0,10900.0,16365.0,71.6,0.0,44.0,0.46,0
53327.0,19623.0,9692.0,100.0,11.1,34.0,0.55,1
34550.0,24898.0,7086.0,74.2,3.3,32.0,0.93,1
62606.0,22519.0,19359.0,69.7,8.9,47.0,0.67,1
39639.0,25120.0,19407.0,74.8,0.9,38.0,1.12,0
52196.0,17937.0,9370.0,69.8,8.7,44.0,0.52,1
96082.0,12603.0,21267.0,57.8,8.7,27.0,0.35,1
48271.0,0.0,10579.0,82.3,7.5,23.0,0.22,1
70687.0,10032.0,16772.0,73.4,2.0,39.0,0.38,0
37343.0,5254.0,20742.0,70.3,7.0,34.0,0.7,1
49370.0,29368.0,14765.0,55.4,1.3,45.0,0.89,0
81874.0,10593.0,18183.0,89.6,5.0,37.0,0.35,1
38715.0,12986.0,11385.0,80.0,10.1,40.0,0.63,1
82624.0,16412.0,13625.0,61.7,9.2,20.0,0.36,1
62740.0,12349.0,13559.0,85.0,6.1,59.0,0.41,1
39876.0,25560.0,9774.0,62.5,2.1,36.0,0.89,0
61383.0,7019.0,13763.0,58.3,8.6,46.0,0.34,0
67506.0,13557.0,4160.0,58.6,6.1,29.0,0.26,0
61193.0,6060.0,11562.0,43.4,0.0,41.0,0.29,0
21736.0,1440.0,13006.0,77.1,9.1,24.0,0.66,1
36912.0,7106.0,13207.0,42.5,5.9,43.0,0.55,0
45545.0,11704.0,13310.0,51.6,10.8,34.0,0.55,1
48660.0,8566.0,14568.0,38.9,1.6,38.0,0.48,0
61172.0,6461.0,18356.0,68.7,0.0,46.0,0.41,0
53199.0,749.0,21122.0,67.7,7.1,24.0,0.41,1
25964.0,11335.0,10452.0,65.1,7.2,30.0,0.84,0
56844.0,0.0,6578.0,54.4,0.0,43.0,0.12,0
60991.0,18080.0,7706.0,52.4,2.1,61.0,0.42,0
60076.0,12660.0,11590.0,77.0,17.0,36.0,0.4,1
69454.0,340.0,12537.0,61.7,4.8,45.0,0.19,1
65011.0,9526.0,9610.0,74.7,8.9,37.0,0.29,1
58265.0,5983.0,5927.0,56.7,3.4,59.0,0.2,0
48737.0,14553.0,11807.0,72.7,0.0,19.0,0.54,0
20103.0,22724.0,16270.0,89.5,5.3,39.0,1.94,1
57733.0,0.0,19165.0,78.8,4.9,20.0,0.33,1
53738.0,12920.0,11098.0,63.8,4.4,18.0,0.45,0
54888.0,10719.0,12109.0,73.9,5.5,41.0,0.42,1
27019.0,17371.0,8513.0,66.4,7.1,40.0,0.96,0
30541.0,13706.0,14780.0,70.1,5.4,35.0,0.93,0
68957.0,5984.0,9061.0,65.1,0.9,37.0,0.22,1
49288.0,9448.0,19012.0,67.5,7.9,70.0,0.58,1
62267.0,5632.0,2499.0,73.2,0.0,35.0,0.13,1
50510.0,20608.0,12483.0,55.1,0.0,44.0,0.66,0
50536.0,12170.0,17108.0,54.8,9.0,31.0,0.58,1
66889.0,27210.0,16287.0,49.2,8.0,41.0,0.65,0
40711.0,11515.0,33851.0,46.0,5.8,35.0,1.11,0
51730.0,6333.0,17449.0,51.7,0.4,33.0,0.46,0
41679.0,0.0,7972.0,72.4,3.2,58.0,0.19,1
42179.0,0.0,14332.0,56.6,4.9,51.0,0.34,0
44435.0,0.0,2566.0,77.7,0.0,40.0,0.06,1
53998.0,14137.0,14436.0,70.5,3.0,18.0,0.53,0
41383.0,16070.0,9169.0,40.5,8.6,34.0,0.61,0
72604.0,0.0,21408.0,79.8,11.7,68.0,0.29,1
33897.0,19160.0,11153.0,82.2,4.3,35.0,0.89,0
46636.0,8136.0,14183.0,55.1,9.0,50.0,0.48,1
42085.0,13174.0,10551.0,76.3,0.0,54.0,0.56,0
76046.0,24898.0,27172.0,57.2,8.6,40.0,0.68,0
53538.0,19175.0,12751.0,71.5,2.8,29.0,0.6,0
68573.0,9852.0,27828.0,51.0,7.2,18.0,0.55,0
23260.0,4870.0,20699.0,43.1,5.0,46.0,1.1,0
54807.0,0.0,18374.0,64.3,11.3,29.0,0.34,1
66013.0,6247.0,17581.0,68.1,2.5,40.0,0.36,0
51481.0,10311.0,17757.0,64.0,8.5,24.0,0.55,1
69179.0,4103.0,1506.0,52.2,4.9,35.0,0.08,1
40689.0,10950.0,13048.0,64.0,5.4,38.0,0.59,1
75368.0,12615.0,20916.0,74.0,5.3,41.0,0.44,1
91380.0,10201.0,14658.0,69.3,2.6,26.0,0.27,0
43469.0,6800.0,5164.0,72.7,5.9,51.0,0.28,1
41981.0,13349.0,14633.0,59.9,5.7,31.0,0.67,1
76161.0,15536.0,26929.0,87.6,7.0,20.0,0.56,1
78432.0,3277.0,23728.0,52.4,6.3,37.0,0.34,0
40589.0,23287.0,14566.0,77.3,9.2,38.0,0.93,1
42437.0,11211.0,21660.0,87.7,9.7,40.0,0.77,1
44928.0,12151.0,12434.0,77.2,1.8,53.0,0.55,0
25800.0,17666.0,3073.0,67.0,9.5,35.0,0.8,1
33464.0,13866.0,8529.0,62.1,1.3,37.0,0.67,0
31925.0,19625.0,25940.0,85.5,8.4,26.0,1.43,0
36180.0,14297.0,13082.0,48.7,8.5,47.0,0.76,0
49376.0,7101.0,13296.0,55.4,0.0,40.0,0.41,0
54216.0,14892.0,12901.0,64.0,6.4,33.0,0.51,0
77909.0,2850.0,28329.0,88.6,4.1,18.0,0.4,1
32030.0,12868.0,26382.0,75.7,3.0,54.0,1.23,0
67718.0,11734.0,30531.0,55.5,11.4,24.0,0.62,0
46148.0,10335.0,13887.0,65.3,3.4,31.0,0.52,0
49110.0,10972.0,17069.0,60.8,2.8,42.0,0.57,0
62147.0,0.0,4384.0,59.4,6.3,25.0,0.07,1
29791.0,7610.0,25339.0,84.7,8.7,22.0,1.11,1
56883.0,12743.0,6826.0,49.4,5.4,18.0,0.34,0
52996.0,13279.0,16517.0,94.1,10.7,46.0,0.56,1
58864.0,3779.0,7319.0,82.4,8.1,32.0,0.19,1
55205.0,22126.0,10878.0,86.4,0.0,70.0,0.6,1
94195.0,5071.0,9139.0,63.1,3.9,27.0,0.15,1
38521.0,19756.0,10745.0,67.8,3.8,28.0,0.79,1
40442.0,15418.0,11226.0,48.5,7.9,32.0,0.66,0
38783.0,6830.0,11162.0,62.1,0.0,41.0,0.46,0
40001.0,26202.0,20833.0,77.4,16.2,33.0,1.18,0
38527.0,2451.0,7266.0,89.4,8.1,45.0,0.25,1
71402.0,19353.0,16544.0,53.4,6.6,27.0,0.5,0
75569.0,20005.0,23526.0,64.5,10.7,23.0,0.58,1
39727.0,6635.0,11408.0,67.7,15.4,18.0,0.45,1
35018.0,23140.0,9975.0,49.1,9.5,18.0,0.95,0
58485.0,10000.0,13386.0,78.9,9.8,32.0,0.4,1
40060.0,14310.0,23258.0,59.1,6.5,35.0,0.94,0
61393.0,14083.0,16359.0,67.1,5.4,31.0,0.5,1
53653.0,10926.0,11281.0,63.2,4.1,52.0,0.41,0
22717.0,18486.0,18387.0,58.2,2.7,52.0,1.62,0
77855.0,18348.0,7284.0,69.9,3.3,34.0,0.33,1
82326.0,0.0,19770.0,66.8,0.6,18.0,0.24,1
38970.0,22435.0,17860.0,64.4,5.7,32.0,1.03,0
43021.0,0.0,12845.0,59.1,0.0,31.0,0.3,1
55146.0,20260.0,9130.0,74.8,6.8,31.0,0.53,1
56020.0,21014.0,8793.0,94.8,5.9,30.0,0.53,1
61854.0,3272.0,18744.0,72.1,6.6,31.0,0.36,1
86184.0,8713.0,23603.0,84.9,3.9,34.0,0.37,1
46815.0,3154.0,10539.0,49.1,18.3,31.0,0.29,1
35631.0,10281.0,18209.0,72.4,11.4,40.0,0.8,1
25172.0,9536.0,1000.0,53.5,1.0,42.0,0.42,0
36843.0,18237.0,10908.0,47.8,6.9,28.0,0.79,0
49404.0,22482.0,14783.0,58.9,3.6,52.0,0.75,0
82302.0,23165.0,8632.0,87.9,1.9,27.0,0.39,1
40683.0,7503.0,8444.0,84.3,0.6,20.0,0.39,1
54028.0,10326.0,10326.0,73.6,7.7,42.0,0.38,1
49704.0,0.0,17045.0,47.0,3.3,29.0,0.34,0
71391.0,5553.0,13689.0,67.1,9.9,42.0,0.27,1
95485.0,19719.0,1000.0,74.5,10.0,18.0,0.22,1
40444.0,24925.0,1000.0,72.6,11.5,53.0,0.64,1
41190.0,2125.0,10752.0,42.3,2.6,45.0,0.31,0
68795.0,7260.0,18204.0,56.6,7.9,21.0,0.37,1
62274.0,11789.0,1000.0,69.0,8.5,22.0,0.21,1
83241.0,14241.0,11502.0,78.0,4.1,56.0,0.31,1
60511.0,5523.0,11316.0,37.1,2.9,30.0,0.28,0
43533.0,15392.0,24718.0,67.6,12.4,29.0,0.92,1
60632.0,8209.0,12305.0,72.1,6.9,18.0,0.34,1
69957.0,11884.0,17681.0,82.7,8.5,34.0,0.42,1
64769.0,16370.0,15989.0,80.4,2.7,35.0,0.5,1
59131.0,12051.0,1000.0,78.7,1.1,46.0,0.22,1
69200.0,8509.0,20377.0,58.0,3.7,23.0,0.42,0
71047.0,11123.0,16508.0,41.4,5.5,21.0,0.39,0
74879.0,11293.0,18558.0,64.1,1.7,43.0,0.4,0
61677.0,9040.0,42484.0,85.0,6.0,49.0,0.84,1
46992.0,9930.0,1000.0,90.9,0.0,21.0,0.23,1
52641.0,24789.0,27073.0,80.7,1.5,50.0,0.99,0
71717.0,16487.0,12988.0,76.4,8.7,38.0,0.41,1
35295.0,9636.0,17011.0,75.7,8.4,50.0,0.75,0
56636.0,17576.0,14681.0,61.7,4.4,37.0,0.57,1
42920.0,9329.0,12030.0,68.0,1.9,18.0,0.5,0
50517.0,21385.0,11011.0,95.0,1.9,36.0,0.64,1
73012.0,14957.0,17307.0,55.9,4.5,50.0,0.44,0
53440.0,11142.0,4380.0,94.2,8.6,28.0,0.29,1
50836.0,15582.0,20254.0,65.2,9.7,34.0,0.7,1
25523.0,0.0,12087.0,89.9,4.0,36.0,0.47,1
63433.0,2986.0,7090.0,48.9,1.4,18.0,0.16,0
61619.0,2449.0,11850.0,78.8,7.1,56.0,0.23,1
88939.0,13144.0,23800.0,58.9,2.7,28.0,0.42,0
44460.0,25860.0,11253.0,48.8,3.9,44.0,0.83,0
53945.0,29850.0,17509.0,73.3,11.3,37.0,0.88,1
54489.0,17104.0,9883.0,85.1,9.3,52.0,0.5,1
78394.0,16007.0,20305.0,57.3,6.6,42.0,0.46,1
48285.0,0.0,19799.0,47.5,0.9,35.0,0.41,0
55022.0,7659.0,27940.0,68.6,6.8,28.0,0.65,0
60942.0,5698.0,13771.0,68.7,10.3,47.0,0.32,1
53359.0,7033.0,19681.0,78.2,4.5,18.0,0.5,1
41964.0,10655.0,15686.0,84.2,11.4,45.0,0.63,1
53494.0,8223.0,24071.0,69.1,11.2,26.0,0.6,1
69325.0,0.0,9968.0,97.8,12.7,52.0,0.14,1
31523.0,17983.0,20215.0,73.4,7.2,40.0,1.21,0
52393.0,3418.0,13637.0,64.8,8.3,45.0,0.33,1
37398.0,13914.0,14551.0,45.8,11.7,39.0,0.76,0
71511.0,28593.0,15642.0,66.1,7.8,19.0,0.62,0
22583.0,4645.0,16766.0,65.0,4.0,29.0,0.95,0
39939.0,0.0,14186.0,84.4,4.2,45.0,0.36,1
56790.0,9712.0,16503.0,76.9,7.0,40.0,0.46,1
78179.0,20808.0,26047.0,52.3,0.8,51.0,0.6,0
48816.0,27667.0,21898.0,72.6,5.4,42.0,1.02,0
40006.0,2164.0,21084.0,80.1,10.4,27.0,0.58,1
83861.0,15974.0,11811.0,92.9,0.0,29.0,0.33,1
23936.0,8278.0,8775.0,83.3,12.1,39.0,0.71,1
15000.0,11152.0,21687.0,81.4,10.5,18.0,2.19,1
57920.0,33155.0,21132.0,70.9,4.2,56.0,0.94,0
40963.0,0.0,25309.0,75.8,8.2,43.0,0.62,1
31618.0,14030.0,10772.0,88.7,6.0,51.0,0.78,1
62750.0,15742.0,13393.0,50.0,10.9,21.0,0.46,1
54388.0,20686.0,3524.0,64.8,9.9,52.0,0.45,1
39847.0,12784.0,12253.0,58.4,0.4,63.0,0.63,0
26955.0,14464.0,21976.0,75.7,8.3,23.0,1.35,0
65704.0,8867.0,11735.0,88.5,5.2,46.0,0.31,1
61704.0,14153.0,19483.0,61.0,6.3,38.0,0.55,1
48215.0,9254.0,13666.0,34.1,3.1,21.0,0.48,0
83239.0,16973.0,17268.0,63.8,13.0,43.0,0.41,1
30738.0,9043.0,6966.0,83.7,10.2,47.0,0.52,1
22541.0,15017.0,15596.0,78.1,3.0,31.0,1.36,0
37546.0,11766.0,1000.0,76.4,0.7,51.0,0.34,1
49179.0,21008.0,13692.0,65.8,4.5,20.0,0.71,0
54380.0,11589.0,3587.0,50.8,7.7,22.0,0.28,1
45658.0,0.0,23442.0,77.7,7.0,40.0,0.51,1
56337.0,22095.0,20442.0,57.5,11.0,38.0,0.76,1
27472.0,4754.0,18267.0,100.0,9.2,30.0,0.84,1
75988.0,6770.0,25647.0,78.6,9.9,47.0,0.43,1
48521.0,7235.0,8358.0,61.3,7.3,44.0,0.32,1
70111.0,22996.0,27232.0,60.8,0.4,47.0,0.72,0
56169.0,0.0,21525.0,68.6,5.2,37.0,0.38,1
58222.0,37102.0,13344.0,66.4,10.2,45.0,0.87,1
60256.0,20448.0,22949.0,86.8,5.8,33.0,0.72,1
58059.0,13786.0,7256.0,72.8,8.0,61.0,0.36,1
61569.0,11561.0,9228.0,59.0,4.7,29.0,0.34,1
73925.0,14284.0,10740.0,98.4,1.9,61.0,0.34,1
53537.0,16169.0,11297.0,70.7,5.5,38.0,0.51,1
62762.0,17162.0,7604.0,81.5,7.2,23.0,0.39,1
48385.0,16445.0,23562.0,60.9,3.4,53.0,0.83,0
75922.0,12717.0,13188.0,75.4,5.1,39.0,0.34,1
37825.0,10421.0,17468.0,74.7,2.2,47.0,0.74,0
82417.0,10790.0,11008.0,41.7,10.5,51.0,0.26,1
49277.0,10441.0,2256.0,100.0,4.8,42.0,0.26,1
24246.0,21070.0,16890.0,89.4,11.8,31.0,1.57,1
52306.0,16748.0,1614.0,64.0,12.1,49.0,0.35,1
37741.0,0.0,14520.0,53.5,5.7,38.0,0.38,1
65132.0,17247.0,5422.0,75.2,2.0,46.0,0.35,1
38253.0,13558.0,28911.0,71.3,0.0,18.0,1.11,0
41969.0,11850.0,21380.0,75.3,0.1,43.0,0.79,0
15988.0,8892.0,15740.0,72.9,0.5,31.0,1.54,0
41858.0,20993.0,23846.0,77.6,11.5,56.0,1.07,1
15000.0,19580.0,9076.0,91.7,6.5,45.0,1.91,1
21490.0,5817.0,18804.0,78.5,7.6,41.0,1.15,1
63687.0,15256.0,16399.0,54.3,0.0,43.0,0.5,0
64144.0,4227.0,16848.0,90.4,1.2,27.0,0.33,1
57658.0,963.0,23906.0,94.6,9.5,56.0,0.43,1
32594.0,6986.0,20127.0,100.0,7.1,60.0,0.83,1
49141.0,18899.0,17021.0,53.1,5.4,42.0,0.73,0
49935.0,19625.0,3416.0,73.6,8.3,55.0,0.46,1
29149.0,16105.0,8280.0,38.8,12.5,32.0,0.84,0
77061.0,17801.0,14141.0,78.3,5.1,29.0,0.41,1
65793.0,16129.0,15654.0,61.8,6.3,38.0,0.48,1
46023.0,6868.0,7089.0,98.9,6.8,43.0,0.3,1
50484.0,15455.0,31882.0,58.4,15.6,34.0,0.94,0
53751.0,18403.0,25615.0,44.7,0.0,44.0,0.82,0
15000.0,18034.0,19215.0,62.9,8.7,41.0,2.48,1
45551.0,21511.0,15504.0,40.4,5.5,27.0,0.81,0
37724.0,17666.0,13515.0,81.3,8.3,44.0,0.83,1
31971.0,14812.0,8337.0,39.0,3.4,47.0,0.72,0
44940.0,20561.0,15542.0,70.4,5.8,40.0,0.8,0
82358.0,11788.0,16804.0,38.8,8.8,51.0,0.35,1
61535.0,4945.0,6308.0,65.2,18.5,25.0,0.18,1
39719.0,10695.0,17339.0,94.7,9.2,43.0,0.71,1
60306.0,6041.0,13913.0,75.4,2.6,25.0,0.33,1
